technique,mean_len,mad_len,std_dev_len,mad_len_99p,std_dev_len_99p,mad_len_1p,std_dev_len_1p,mean_az,mad_az,std_dev_az,mad_az_99p,std_dev_az_99p,mad_az_1p,std_dev_az_1p,mean_el,mad_el,std_dev_el,mad_el_99p,std_dev_el_99p,mad_el_1p,std_dev_el_1p
music,335.322823534357,3.49775081782821,10.9713044665209,3.46038714425757,11.0026673221995,7.19675450132093,7.22094437131014,330.349520000002,2.84716390399924,11.0573839478242,2.80850919595886,11.0926490333676,6.67397999999764,6.70332617365204,57.0626449999997,5.80381523500013,7.24906520552652,5.6967390757577,7.08877510143338,16.4043550000003,16.7353555076083
esprit,72.3407155073099,3.78912367553745,5.90845937004077,3.5492887674358,4.69681541211447,27.5327795776014,36.1530328770649,-35.9545968473906,2.35863381724131,6.6147909794859,2.14794407581227,4.24762658835554,23.2169182187163,50.885706622316,62.412062570817,4.38580663678209,6.02784901376297,4.21650895585914,5.66441935431834,21.1462770481535,21.3779643029051
silabs,154.719754274652,1.33576178766243,1.62459496361046,1.3077297525891,1.57681369594824,4.11093325992159,4.2169986764977,-151.556948699999,1.36588117575995,1.65422723205378,1.33503615026258,1.600479202747,4.41953869999917,4.47827415001475,31.0242104899999,1.940468086232,2.46877866303259,1.88541010215353,2.35680616450164,7.39120851000015,7.71931436710785
