technique,mean_len,median_len,mad_len,std_dev_len,mean_az,median_az,mad_az,std_dev_az,mean_el,median_el,mad_el,std_dev_el
music,174.096334660043595476963673718274,174.201022528468087102737626992166,2.06044904342401080654667566705029,6.0833812298829350595497089670971,160.612764999999427573129651136696,160.650000000000005684341886080801,1.82146223499998227701723862992367,6.59300214657748462343533901730552,67.0657199999999420469976030290127,66.9000000000000056843418860808015,1.79730494400003770749663090100512,2.96690274218755867252639291109517
esprit,171.270977619644895639794413000345,171.838944366128146157279843464494,2.29892568132909591582802022458054,6.36900363860536522508937196107581,160.677724555917734505783300846815,161.244938335150237662674044258893,2.15529785727732914324406010564417,11.6199085887035220565621784771793,58.3551922789238517452758969739079,58.9779484673646692272086511366069,3.00950536314967154183364073105622,4.07799854709912512618075197678991
silabs,29.2334278927846504814169747987762,29.2417024981445621278908220119774,1.00051148177086446366956806741655,1.26667403491965591122436762816506,19.4215475099999963504160405136645,19.4395500000000005513811629498377,0.752365827848000545685636097914539,0.96530816444376887908163098472869,21.8214526199999276911967172054574,21.8712000000000017507773009128869,1.08929784982800237358446793223266,1.376098648697521076300631648337
