technique,mean_len,median_len,mad_len,std_dev_len,mean_az,median_az,mad_az,std_dev_az,mean_el,median_el,mad_el,std_dev_el
music,69.5512785369915462752032908611,56.6109298851456870238507690373808,25.5233564277163225142430746927857,54.8978538275387180078723758924752,41.2288699999999579404175165109336,27.4000000000000021316282072803006,26.8381862660003775999939534813166,60.2590207771674428727237682323903,47.6326300000000841805558593478054,44.75,12.972980693999465628962752816733,15.8530108743765598688924001180567
esprit,51.2872522171912379462810349650681,49.223648848218431339773815125227,8.56311178175493026287767861504108,11.3556968890937071137159364297986,26.5127183627449554137456289026886,27.163179216983522223927138838917,3.8035410826637656711568524769973,9.99111681350084168684588803444058,43.233224907784304491542570758611,40.7167343306208522335509769618511,8.02717841880510718510777223855257,9.35284479377507338426767091732472
silabs,157.247704312943540116975782439113,157.225302067523671212256886065006,2.09218953744841940078913467004895,2.61064658852296282987026643240824,152.414683300000234567050938494503,152.401999999999986812326824292541,1.56855018981999627669665642315522,1.96350879631365793365205263398821,38.4110536800000588186776440124959,38.3387000000000028876456781290472,3.88836379784000607529037552012596,4.91486421589574096202568398439325
