technique,mean_len,mad_len,std_dev_len,mad_len_99p,std_dev_len_99p,mad_len_1p,std_dev_len_1p,mean_az,mad_az,std_dev_az,mad_az_99p,std_dev_az_99p,mad_az_1p,std_dev_az_1p,mean_el,mad_el,std_dev_el,mad_el_99p,std_dev_el_99p,mad_el_1p,std_dev_el_1p
music,96.5209097504902,4.19752816810721,8.61281270477852,3.87566426496169,5.08251652036118,36.0620545795139,69.7186404411671,59.7084599999997,2.03654826399989,8.51049439976315,1.6921645090908,2.3742602104557,36.1305400000004,81.7604883161275,75.5635550000002,4.73993139599998,6.56406939420783,4.6419868141414,6.43560939244428,14.436445,14.436445
esprit,85.9856061378776,4.65887035402583,6.45863191827127,4.44301539713878,5.77002274290084,26.0285110858441,29.5866446672403,56.1213027117613,1.8465171590978,6.07486140900567,1.73561036623518,5.5798753245996,12.8262896524967,24.6582290258883,64.7920122913247,5.31908127083098,7.12242747881891,5.121457794342,6.70667256647059,24.8838054432429,24.8984153036372
silabs,121.171212137163,0.930002860814152,1.17884740669163,0.906923936577727,1.1366087550256,3.21481636022021,3.32746962244203,120.5402929,0.905716184619998,1.15391824498514,0.883869508707064,1.1148423539222,3.0685371000004,3.17934862435356,12.141706778,1.7972271958116,2.2666161520808,1.74806816524404,2.17525818756339,6.66397122199998,6.73140460927435
