technique,mean_len,median_len,mad_len,std_dev_len,mean_az,median_az,mad_az,std_dev_az,mean_el,median_el,mad_el,std_dev_el
music,111.429707581298515606249566189945,111.154723246245424661537981592119,1.88260972851233931990577730175573,6.79693236660793242975842076702975,99.1637699999995732014212990179658,98.7999999999999971578290569595993,2.37711726799998146475445537362248,7.29682923516099890548503026366234,50.5536750000000196791916096117347,51.5500000000000042632564145606011,3.54838336500001538809101475635543,4.51740719266869739101366576505825
esprit,nan,108.411370252615114395666751079261,nan,nan,nan,94.484998656603963240740995388478,nan,nan,nan,51.9767137483960794952508877031505,nan,nan
silabs,89.6591569393772545026877196505666,89.597242606491775518406939227134,1.15539481490699857957338281266857,1.53471064575882576441756555141183,81.0549089199999173160904319956899,81.0527999999999906322045717388391,1.15406559783999673740595426352229,1.51518384436095354672602297796402,38.2844171700000543978603673167527,38.2472999999999956344254314899445,1.40476081057000290464031877490925,1.79697514946261449608755356166512
