technique,mean_len,median_len,mad_len,std_dev_len,mean_az,median_az,mad_az,std_dev_az,mean_el,median_el,mad_el,std_dev_el
music,335.322823534356814434431726112962,336.550714974715788230241741985083,3.49775081782820729259242398256902,10.9713044665209089600921288365498,330.349520000002371489244978874922,331.300000000000011368683772161603,2.84716390399924224041683373798151,11.0573839478241602307662105886266,57.0626449999997262807482911739498,58.9000000000000056843418860808015,5.80381523500012974636774742975831,7.24906520552651567612656435812823
esprit,72.3407155073098522279906319454312,71.815762731391487250220961868763,3.7891236755374526623540987202432,5.90845937004077104148791477200575,-35.9545968473905830364856228698045,-35.8343917582520958831082680262625,2.35863381724131349059803142154124,6.6147909794858987808652273088228,62.4120625708170138068453525193036,62.0012462903479075748691684566438,4.38580663678208804157065969775431,6.02784901376297277408866648329422
silabs,154.719754274652302683534799143672,154.519769980680877097256598062813,1.33576178766242836815081318491139,1.62459496361046129564442708215211,-151.556948699999168184149311855435,-151.395000000000010231815394945443,1.36588117575994805186212488479214,1.65422723205377897315315749438014,31.0242104899998523137583106290549,30.9741500000000016257217794191092,1.94046808623199584786789273493923,2.46877866303258830527056488790549
