technique,coarse_step,learning_rate,momentum,runtime,mae_len,rmse_len
esprit,0,0,0,1658.875,0,0
music_coarse_fine_grid_search,3,0,0,121495.375,0.334485967892178,8.09632498421372
music_gradient_simple,5,0.1,0,73612.8203125,0.239762230036726,6.17956189643934
music_gradient_adapt_lr,5,0.5,0,47034.7265625,0.197754679331284,6.01121023832544
music_gradient_momentum,5,0.07,0.85,46763.20703125,0.19607139608818,6.01972526077118
music_gradient_nesterov,5,0.05,0.9,48086.6640625,0.198607473620214,6.00923785246894
