technique,coarse_step,learning_rate,momentum,runtime,mae_len,rmse_len
esprit,0,0,0,279.978118896484,0,0
music_coarse_fine_grid_search,3,0,0,19716.63671875,0.334485967892178,8.09632498421372
music_gradient_simple,5,0.1,0,11661.4765625,0.238658286745153,6.17831095648433
music_gradient_adapt_lr,5,0.5,0,7693.40869140625,0.197754745612341,6.01121025195254
music_gradient_momentum,5,0.07,0.85,7688.22021484375,0.196070863286261,6.01972521820005
music_gradient_nesterov,5,0.05,0.9,7950.4619140625,0.198154254960453,6.00905546894597
